TRAIT	PHENOCODE	NSAMPLES	LINK	trait_type	pheno_sex	coding	modifier	description_more	coding_description	category	n_cases_full_cohort_females	n_cases_full_cohort_males	pops	num_pops	n_cases_AFR	n_cases_AMR	n_cases_CSA	n_cases_EAS	n_cases_EUR	n_cases_MID	n_controls_AFR	n_controls_AMR	n_controls_CSA	n_controls_EAS	n_controls_EUR	n_controls_MID	saige_heritability_AFR	saige_heritability_AMR	saige_heritability_CSA	saige_heritability_EAS	saige_heritability_EUR	saige_heritability_MID	lambda_gc_AFR	lambda_gc_AMR	lambda_gc_CSA	lambda_gc_EAS	lambda_gc_EUR	lambda_gc_MID	filename	filename_tabix	aws_link_tabix	wget	wget_tabix	size_in_bytes	size_in_bytes_tabix	md5_hex	md5_hex_tabix
Albumin	30600	422605	https://pan-ukb-us-east-1.s3.amazonaws.com/sumstats_flat_files/biomarkers-30600-both_sexes-irnt.tsv.bgz	biomarkers	both_sexes		irnt			Biological samples > Assay results > Blood assays > Blood biochemistry	208336	179998	AFR,AMR,CSA,EAS,EUR,MID	6	5759	856	7694	2340	367192	1364							0.25412	0.11268	0.24111	0.061264	0.064491	0.20459	1.0288	0.9948	1.0115	0.98514	1.3905	1.0028	biomarkers-30600-both_sexes-irnt.tsv.bgz	biomarkers-30600-both_sexes-irnt.tsv.bgz.tbi	https://pan-ukb-us-east-1.s3.amazonaws.com/sumstats_flat_files_tabix/biomarkers-30600-both_sexes-irnt.tsv.bgz.tbi	wget https://pan-ukb-us-east-1.s3.amazonaws.com/sumstats_flat_files/biomarkers-30600-both_sexes-irnt.tsv.bgz	wget https://pan-ukb-us-east-1.s3.amazonaws.com/sumstats_flat_files_tabix/biomarkers-30600-both_sexes-irnt.tsv.bgz.tbi	2022481897	2170693	5a411e0c80afb3467e640385097272b6	82b30fa9fbffa961bbd7f8c9d4caea9a
Alkaline_phosphatase	30610	461525	https://pan-ukb-us-east-1.s3.amazonaws.com/sumstats_flat_files/biomarkers-30610-both_sexes-irnt.tsv.bgz	biomarkers	both_sexes		irnt			Biological samples > Assay results > Blood assays > Blood biochemistry	229156	194910	AFR,AMR,CSA,EAS,EUR,MID	6	6216	938	8422	2572	400988	1497							0.28471	0.202	0.39193	0	0.13053	0.73608	1.0258	0.99795	1.0664	0.96666	1.7025	1.0332	biomarkers-30610-both_sexes-irnt.tsv.bgz	biomarkers-30610-both_sexes-irnt.tsv.bgz.tbi	https://pan-ukb-us-east-1.s3.amazonaws.com/sumstats_flat_files_tabix/biomarkers-30610-both_sexes-irnt.tsv.bgz.tbi	wget https://pan-ukb-us-east-1.s3.amazonaws.com/sumstats_flat_files/biomarkers-30610-both_sexes-irnt.tsv.bgz	wget https://pan-ukb-us-east-1.s3.amazonaws.com/sumstats_flat_files_tabix/biomarkers-30610-both_sexes-irnt.tsv.bgz.tbi	2024340023	2170900	e371769e8133a0b2f61a1c2a84a6bc13	2b3b530c457633b0df90fd126f3ee181
Alanine_aminotransferase	30620	461326	https://pan-ukb-us-east-1.s3.amazonaws.com/sumstats_flat_files/biomarkers-30620-both_sexes-irnt.tsv.bgz	biomarkers	both_sexes		irnt			Biological samples > Assay results > Blood assays > Blood biochemistry	229118	194764	AFR,AMR,CSA,EAS,EUR,MID	6	6214	937	8407	2570	400822	1499							0.39353	0	0.21917	0.1583	0.062796	0.2052	1.0244	0.68012	1.0258	1.0085	1.431	0.98781	biomarkers-30620-both_sexes-irnt.tsv.bgz	biomarkers-30620-both_sexes-irnt.tsv.bgz.tbi	https://pan-ukb-us-east-1.s3.amazonaws.com/sumstats_flat_files_tabix/biomarkers-30620-both_sexes-irnt.tsv.bgz.tbi	wget https://pan-ukb-us-east-1.s3.amazonaws.com/sumstats_flat_files/biomarkers-30620-both_sexes-irnt.tsv.bgz	wget https://pan-ukb-us-east-1.s3.amazonaws.com/sumstats_flat_files_tabix/biomarkers-30620-both_sexes-irnt.tsv.bgz.tbi	2024082964	2171094	2b2cfe22aaeacb6599a472f07d75a741	bde0c8575e2faaf00858d933a612e253
Apolipoprotein_A	30630	420088	https://pan-ukb-us-east-1.s3.amazonaws.com/sumstats_flat_files/biomarkers-30630-both_sexes-irnt.tsv.bgz	biomarkers	both_sexes		irnt			Biological samples > Assay results > Blood assays > Blood biochemistry	206413	179623	AFR,AMR,CSA,EAS,EUR,MID	6	5732	846	7679	2325	364987	1360							0.30678	0.33358	0.35787	0.29058	0.12164	0.4834	1.0134	0.98938	1.047	1.0105	1.6338	0.99278	biomarkers-30630-both_sexes-irnt.tsv.bgz	biomarkers-30630-both_sexes-irnt.tsv.bgz.tbi	https://pan-ukb-us-east-1.s3.amazonaws.com/sumstats_flat_files_tabix/biomarkers-30630-both_sexes-irnt.tsv.bgz.tbi	wget https://pan-ukb-us-east-1.s3.amazonaws.com/sumstats_flat_files/biomarkers-30630-both_sexes-irnt.tsv.bgz	wget https://pan-ukb-us-east-1.s3.amazonaws.com/sumstats_flat_files_tabix/biomarkers-30630-both_sexes-irnt.tsv.bgz.tbi	2021592884	2170566	9a47b6b4ee8a0145bebe27f6a5c532e5	b4024e688c160f39746f05105f0fcfa4
Apolipoprotein_B	30640	459181	https://pan-ukb-us-east-1.s3.amazonaws.com/sumstats_flat_files/biomarkers-30640-both_sexes-irnt.tsv.bgz	biomarkers	both_sexes		irnt			Biological samples > Assay results > Blood assays > Blood biochemistry	228338	193583	AFR,AMR,CSA,EAS,EUR,MID	6	6169	932	8352	2553	399003	1496							0.25469	0.36481	0.22124	0.18561	0.078514	0	1.0197	1.0121	1.0259	1.0259	1.3989	0.93302	biomarkers-30640-both_sexes-irnt.tsv.bgz	biomarkers-30640-both_sexes-irnt.tsv.bgz.tbi	https://pan-ukb-us-east-1.s3.amazonaws.com/sumstats_flat_files_tabix/biomarkers-30640-both_sexes-irnt.tsv.bgz.tbi	wget https://pan-ukb-us-east-1.s3.amazonaws.com/sumstats_flat_files/biomarkers-30640-both_sexes-irnt.tsv.bgz	wget https://pan-ukb-us-east-1.s3.amazonaws.com/sumstats_flat_files_tabix/biomarkers-30640-both_sexes-irnt.tsv.bgz.tbi	2023988080	2171238	d0b0fc4e29886d2c317b20999581bf81	99d3dbe0542c17335eb3dce3abf388a1
Aspartate_aminotransferase	30650	459799	https://pan-ukb-us-east-1.s3.amazonaws.com/sumstats_flat_files/biomarkers-30650-both_sexes-irnt.tsv.bgz	biomarkers	both_sexes		irnt			Biological samples > Assay results > Blood assays > Blood biochemistry	228328	194127	AFR,AMR,CSA,EAS,EUR,MID	6	6180	933	8395	2551	399482	1493							0.3148	0.2214	0.1904	0	0.072023	0.32104	1.0069	0.97997	1.0039	0.99691	1.4525	0.97557	biomarkers-30650-both_sexes-irnt.tsv.bgz	biomarkers-30650-both_sexes-irnt.tsv.bgz.tbi	https://pan-ukb-us-east-1.s3.amazonaws.com/sumstats_flat_files_tabix/biomarkers-30650-both_sexes-irnt.tsv.bgz.tbi	wget https://pan-ukb-us-east-1.s3.amazonaws.com/sumstats_flat_files/biomarkers-30650-both_sexes-irnt.tsv.bgz	wget https://pan-ukb-us-east-1.s3.amazonaws.com/sumstats_flat_files_tabix/biomarkers-30650-both_sexes-irnt.tsv.bgz.tbi	2023969116	2170693	d70428c2d0c6c0e98e36b30b48f4b693	77191182b4ab1a0cd1f4140c2163246d
Direct_bilirubin	30660	391906	https://pan-ukb-us-east-1.s3.amazonaws.com/sumstats_flat_files/biomarkers-30660-both_sexes-irnt.tsv.bgz	biomarkers	both_sexes		irnt			Biological samples > Assay results > Blood assays > Blood biochemistry	178636	181467	AFR,AMR,CSA,EAS,EUR,MID	6	5165	744	6961	2159	340934	1235							0.34061	0	0.28612	0.16269	0.10424	0	1.0254	0.6658	0.99166	1.014	1.4084	1.013	biomarkers-30660-both_sexes-irnt.tsv.bgz	biomarkers-30660-both_sexes-irnt.tsv.bgz.tbi	https://pan-ukb-us-east-1.s3.amazonaws.com/sumstats_flat_files_tabix/biomarkers-30660-both_sexes-irnt.tsv.bgz.tbi	wget https://pan-ukb-us-east-1.s3.amazonaws.com/sumstats_flat_files/biomarkers-30660-both_sexes-irnt.tsv.bgz	wget https://pan-ukb-us-east-1.s3.amazonaws.com/sumstats_flat_files_tabix/biomarkers-30660-both_sexes-irnt.tsv.bgz.tbi	2019290123	2170139	f96467cebbb26dc054bce17f5f9ae2ef	dc86bf4a9af464409c07ab094649eed4
Urea	30670	461200	https://pan-ukb-us-east-1.s3.amazonaws.com/sumstats_flat_files/biomarkers-30670-both_sexes-irnt.tsv.bgz	biomarkers	both_sexes		irnt			Biological samples > Assay results > Blood assays > Blood biochemistry	228983	194773	AFR,AMR,CSA,EAS,EUR,MID	6	6213	938	8422	2569	400687	1497							0.15282	0	0.16291	0.13641	0.057758	0	1.0253	0.83309	1	1.0036	1.4206	0.76392	biomarkers-30670-both_sexes-irnt.tsv.bgz	biomarkers-30670-both_sexes-irnt.tsv.bgz.tbi	https://pan-ukb-us-east-1.s3.amazonaws.com/sumstats_flat_files_tabix/biomarkers-30670-both_sexes-irnt.tsv.bgz.tbi	wget https://pan-ukb-us-east-1.s3.amazonaws.com/sumstats_flat_files/biomarkers-30670-both_sexes-irnt.tsv.bgz	wget https://pan-ukb-us-east-1.s3.amazonaws.com/sumstats_flat_files_tabix/biomarkers-30670-both_sexes-irnt.tsv.bgz.tbi	2024142260	2171030	64018cefdda3dcaae6058f37ca446f85	06fa1afee4cc475f870b6b1331189a88
Calcium	30680	422461	https://pan-ukb-us-east-1.s3.amazonaws.com/sumstats_flat_files/biomarkers-30680-both_sexes-irnt.tsv.bgz	biomarkers	both_sexes		irnt			Biological samples > Assay results > Blood assays > Blood biochemistry	208265	179931	AFR,AMR,CSA,EAS,EUR,MID	6	5758	856	7697	2344	367050	1361							0.10477	0	0.13774	0.037477	0.065663	0	1.0365	0.54179	1.0243	0.99768	1.3113	1.0017	biomarkers-30680-both_sexes-irnt.tsv.bgz	biomarkers-30680-both_sexes-irnt.tsv.bgz.tbi	https://pan-ukb-us-east-1.s3.amazonaws.com/sumstats_flat_files_tabix/biomarkers-30680-both_sexes-irnt.tsv.bgz.tbi	wget https://pan-ukb-us-east-1.s3.amazonaws.com/sumstats_flat_files/biomarkers-30680-both_sexes-irnt.tsv.bgz	wget https://pan-ukb-us-east-1.s3.amazonaws.com/sumstats_flat_files_tabix/biomarkers-30680-both_sexes-irnt.tsv.bgz.tbi	2022465171	2170417	d26d152c8b09e97c8d8ef6b9e1567240	25b2f70f9b4730903e4cc8fb30c1ff99
Cholesterol	30690	461507	https://pan-ukb-us-east-1.s3.amazonaws.com/sumstats_flat_files/biomarkers-30690-both_sexes-irnt.tsv.bgz	biomarkers	both_sexes		irnt			Biological samples > Assay results > Blood assays > Blood biochemistry	229127	194912	AFR,AMR,CSA,EAS,EUR,MID	6	6212	938	8422	2572	400963	1500							0.26085	0.11719	0.22981	0.11579	0.06376	0	1.0406	1.0331	1.0297	0.99999	1.4138	0.85933	biomarkers-30690-both_sexes-irnt.tsv.bgz	biomarkers-30690-both_sexes-irnt.tsv.bgz.tbi	https://pan-ukb-us-east-1.s3.amazonaws.com/sumstats_flat_files_tabix/biomarkers-30690-both_sexes-irnt.tsv.bgz.tbi	wget https://pan-ukb-us-east-1.s3.amazonaws.com/sumstats_flat_files/biomarkers-30690-both_sexes-irnt.tsv.bgz	wget https://pan-ukb-us-east-1.s3.amazonaws.com/sumstats_flat_files_tabix/biomarkers-30690-both_sexes-irnt.tsv.bgz.tbi	2023817669	2171151	47d581e6bf95cb92be3d2602900161e9	60600a03be90de07c55b598789cc63da
Creatinine	30700	461280	https://pan-ukb-us-east-1.s3.amazonaws.com/sumstats_flat_files/biomarkers-30700-both_sexes-irnt.tsv.bgz	biomarkers	both_sexes		irnt			Biological samples > Assay results > Blood assays > Blood biochemistry	229028	194804	AFR,AMR,CSA,EAS,EUR,MID	6	6212	937	8422	2571	400761	1498							0.26719	0	0.36044	0.13004	0.092683	0.071991	1.0098	0.61043	1.0333	1.013	1.6236	1.0203	biomarkers-30700-both_sexes-irnt.tsv.bgz	biomarkers-30700-both_sexes-irnt.tsv.bgz.tbi	https://pan-ukb-us-east-1.s3.amazonaws.com/sumstats_flat_files_tabix/biomarkers-30700-both_sexes-irnt.tsv.bgz.tbi	wget https://pan-ukb-us-east-1.s3.amazonaws.com/sumstats_flat_files/biomarkers-30700-both_sexes-irnt.tsv.bgz	wget https://pan-ukb-us-east-1.s3.amazonaws.com/sumstats_flat_files_tabix/biomarkers-30700-both_sexes-irnt.tsv.bgz.tbi	2023145702	2170780	23700c587b153ee0bdac77fb05cc2a8f	90d013140df0b071840fc5ad38038904
C_reactive_protein	30710	460502	https://pan-ukb-us-east-1.s3.amazonaws.com/sumstats_flat_files/biomarkers-30710-both_sexes-irnt.tsv.bgz	biomarkers	both_sexes		irnt			Biological samples > Assay results > Blood assays > Blood biochemistry	228724	194391	AFR,AMR,CSA,EAS,EUR,MID	6	6203	937	8397	2564	400094	1498							0.36954	0.45509	0.2657	0.18202	0.10576	0	1.0118	0.99801	1.039	1.0052	1.5802	1.0136	biomarkers-30710-both_sexes-irnt.tsv.bgz	biomarkers-30710-both_sexes-irnt.tsv.bgz.tbi	https://pan-ukb-us-east-1.s3.amazonaws.com/sumstats_flat_files_tabix/biomarkers-30710-both_sexes-irnt.tsv.bgz.tbi	wget https://pan-ukb-us-east-1.s3.amazonaws.com/sumstats_flat_files/biomarkers-30710-both_sexes-irnt.tsv.bgz	wget https://pan-ukb-us-east-1.s3.amazonaws.com/sumstats_flat_files_tabix/biomarkers-30710-both_sexes-irnt.tsv.bgz.tbi	2024046556	2170760	2f70efcc456ba6b49b24926ae6384375	e1d86016c6b2429a1e770ecc1a1ad297
Cystatin_C	30720	461481	https://pan-ukb-us-east-1.s3.amazonaws.com/sumstats_flat_files/biomarkers-30720-both_sexes-irnt.tsv.bgz	biomarkers	both_sexes		irnt			Biological samples > Assay results > Blood assays > Blood biochemistry	229120	194899	AFR,AMR,CSA,EAS,EUR,MID	6	6213	940	8422	2573	400940	1500							0.23985	0.26455	0.36851	0.18847	0.14233	0	1.0369	1.0143	1.0548	1.0033	1.8587	1.0453	biomarkers-30720-both_sexes-irnt.tsv.bgz	biomarkers-30720-both_sexes-irnt.tsv.bgz.tbi	https://pan-ukb-us-east-1.s3.amazonaws.com/sumstats_flat_files_tabix/biomarkers-30720-both_sexes-irnt.tsv.bgz.tbi	wget https://pan-ukb-us-east-1.s3.amazonaws.com/sumstats_flat_files/biomarkers-30720-both_sexes-irnt.tsv.bgz	wget https://pan-ukb-us-east-1.s3.amazonaws.com/sumstats_flat_files_tabix/biomarkers-30720-both_sexes-irnt.tsv.bgz.tbi	2023791339	2171041	aedec08431822cea761b85662e1253e8	347602bfcd56cd4e0a710da976c763a9
Gamma_glutamyltransferase	30730	461270	https://pan-ukb-us-east-1.s3.amazonaws.com/sumstats_flat_files/biomarkers-30730-both_sexes-irnt.tsv.bgz	biomarkers	both_sexes		irnt			Biological samples > Assay results > Blood assays > Blood biochemistry	229034	194788	AFR,AMR,CSA,EAS,EUR,MID	6	6212	938	8422	2569	400751	1498							0.45392	0	0.31746	0.47534	0.11351	0.85398	1.0408	0.96134	1.031	1.03	1.6675	1.03	biomarkers-30730-both_sexes-irnt.tsv.bgz	biomarkers-30730-both_sexes-irnt.tsv.bgz.tbi	https://pan-ukb-us-east-1.s3.amazonaws.com/sumstats_flat_files_tabix/biomarkers-30730-both_sexes-irnt.tsv.bgz.tbi	wget https://pan-ukb-us-east-1.s3.amazonaws.com/sumstats_flat_files/biomarkers-30730-both_sexes-irnt.tsv.bgz	wget https://pan-ukb-us-east-1.s3.amazonaws.com/sumstats_flat_files_tabix/biomarkers-30730-both_sexes-irnt.tsv.bgz.tbi	2023615208	2170905	c2cbbedcd0947c8235991050a0cd629e	4d3875e5de703b341e7a25793fce5252
Glucose	30740	422106	https://pan-ukb-us-east-1.s3.amazonaws.com/sumstats_flat_files/biomarkers-30740-both_sexes-irnt.tsv.bgz	biomarkers	both_sexes		irnt			Biological samples > Assay results > Blood assays > Blood biochemistry	208108	179778	AFR,AMR,CSA,EAS,EUR,MID	6	5750	854	7694	2342	366759	1361							0.048576	0.79064	0.20066	0.078047	0.045277	0	0.98858	1.0084	1.0259	1.015	1.2151	0.86552	biomarkers-30740-both_sexes-irnt.tsv.bgz	biomarkers-30740-both_sexes-irnt.tsv.bgz.tbi	https://pan-ukb-us-east-1.s3.amazonaws.com/sumstats_flat_files_tabix/biomarkers-30740-both_sexes-irnt.tsv.bgz.tbi	wget https://pan-ukb-us-east-1.s3.amazonaws.com/sumstats_flat_files/biomarkers-30740-both_sexes-irnt.tsv.bgz	wget https://pan-ukb-us-east-1.s3.amazonaws.com/sumstats_flat_files_tabix/biomarkers-30740-both_sexes-irnt.tsv.bgz.tbi	2022187690	2171119	29bf8ad2cf6a056eba762b3029803b3e	423bf8e24c56177b03b8c4dcbfc710ec
Glycated_haemoglobin__HbA1c_	30750	460080	https://pan-ukb-us-east-1.s3.amazonaws.com/sumstats_flat_files/biomarkers-30750-both_sexes-irnt.tsv.bgz	biomarkers	both_sexes		irnt			Biological samples > Assay results > Blood assays > Blood biochemistry	228582	194273	AFR,AMR,CSA,EAS,EUR,MID	6	5290	922	8329	2566	400837	1502							0.18143	0	0.41717	0.23285	0	0.6016	1.0248	0.9336	1.0035	1.0003	1.2318	1.0271	biomarkers-30750-both_sexes-irnt.tsv.bgz	biomarkers-30750-both_sexes-irnt.tsv.bgz.tbi	https://pan-ukb-us-east-1.s3.amazonaws.com/sumstats_flat_files_tabix/biomarkers-30750-both_sexes-irnt.tsv.bgz.tbi	wget https://pan-ukb-us-east-1.s3.amazonaws.com/sumstats_flat_files/biomarkers-30750-both_sexes-irnt.tsv.bgz	wget https://pan-ukb-us-east-1.s3.amazonaws.com/sumstats_flat_files_tabix/biomarkers-30750-both_sexes-irnt.tsv.bgz.tbi	2022480361	2170777	0973e5d98812bd74369d6fc1721d41f5	1038c2a05b55a6335c59e59df79ebd48
HDL_cholesterol	30760	422405	https://pan-ukb-us-east-1.s3.amazonaws.com/sumstats_flat_files/biomarkers-30760-both_sexes-irnt.tsv.bgz	biomarkers	both_sexes		irnt			Biological samples > Assay results > Blood assays > Blood biochemistry	208262	179888	AFR,AMR,CSA,EAS,EUR,MID	6	5754	854	7688	2342	367021	1364							0.33753	0.59622	0.43414	0.22494	0.14343	0.4663	1.0169	1.0097	1.0177	1.0151	1.7823	0.99918	biomarkers-30760-both_sexes-irnt.tsv.bgz	biomarkers-30760-both_sexes-irnt.tsv.bgz.tbi	https://pan-ukb-us-east-1.s3.amazonaws.com/sumstats_flat_files_tabix/biomarkers-30760-both_sexes-irnt.tsv.bgz.tbi	wget https://pan-ukb-us-east-1.s3.amazonaws.com/sumstats_flat_files/biomarkers-30760-both_sexes-irnt.tsv.bgz	wget https://pan-ukb-us-east-1.s3.amazonaws.com/sumstats_flat_files_tabix/biomarkers-30760-both_sexes-irnt.tsv.bgz.tbi	2021668728	2170828	d0fd79329b4b355cd29e5b01fc25cb68	88aa7794c017cb7a37341ae651e5fd57
IGF_1	30770	459000	https://pan-ukb-us-east-1.s3.amazonaws.com/sumstats_flat_files/biomarkers-30770-both_sexes-irnt.tsv.bgz	biomarkers	both_sexes		irnt			Biological samples > Assay results > Blood assays > Blood biochemistry	227858	193874	AFR,AMR,CSA,EAS,EUR,MID	6	6178	934	8364	2560	398797	1493							0.23922	0.58906	0.36181	0.34686	0.10982	0.38861	1.0134	1.0066	1.0329	1.0295	1.6708	0.99978	biomarkers-30770-both_sexes-irnt.tsv.bgz	biomarkers-30770-both_sexes-irnt.tsv.bgz.tbi	https://pan-ukb-us-east-1.s3.amazonaws.com/sumstats_flat_files_tabix/biomarkers-30770-both_sexes-irnt.tsv.bgz.tbi	wget https://pan-ukb-us-east-1.s3.amazonaws.com/sumstats_flat_files/biomarkers-30770-both_sexes-irnt.tsv.bgz	wget https://pan-ukb-us-east-1.s3.amazonaws.com/sumstats_flat_files_tabix/biomarkers-30770-both_sexes-irnt.tsv.bgz.tbi	2024185343	2170894	ebcc2ad1de337e73e50498ee3ccd1b91	ac822ca599bac462caf5a02bc5f0f268
LDL_direct	30780	460650	https://pan-ukb-us-east-1.s3.amazonaws.com/sumstats_flat_files/biomarkers-30780-both_sexes-irnt.tsv.bgz	biomarkers	both_sexes		irnt			Biological samples > Assay results > Blood assays > Blood biochemistry	228761	194496	AFR,AMR,CSA,EAS,EUR,MID	6	6200	938	8404	2568	400223	1498							0.26094	0.24541	0.20821	0.1205	0.060603	0	0.98763	0.99935	1.0185	1.0163	1.3201	1.0295	biomarkers-30780-both_sexes-irnt.tsv.bgz	biomarkers-30780-both_sexes-irnt.tsv.bgz.tbi	https://pan-ukb-us-east-1.s3.amazonaws.com/sumstats_flat_files_tabix/biomarkers-30780-both_sexes-irnt.tsv.bgz.tbi	wget https://pan-ukb-us-east-1.s3.amazonaws.com/sumstats_flat_files/biomarkers-30780-both_sexes-irnt.tsv.bgz	wget https://pan-ukb-us-east-1.s3.amazonaws.com/sumstats_flat_files_tabix/biomarkers-30780-both_sexes-irnt.tsv.bgz.tbi	2023816844	2171288	b9bac35413668f562f77953b60766706	58901d8a9308650e2bd3f95f4b19dd57
Lipoprotein_A	30790	369165	https://pan-ukb-us-east-1.s3.amazonaws.com/sumstats_flat_files/biomarkers-30790-both_sexes-irnt.tsv.bgz	biomarkers	both_sexes		irnt			Biological samples > Assay results > Blood assays > Blood biochemistry	183555	154992	AFR,AMR,CSA,EAS,EUR,MID	6	5140	773	7400	2279	318922	1282							0.51845	0.7967	0.31525	0.19884	0.082262	0.65584	1.0135	1.005	1.0166	1.0301	1.2389	0.99969	biomarkers-30790-both_sexes-irnt.tsv.bgz	biomarkers-30790-both_sexes-irnt.tsv.bgz.tbi	https://pan-ukb-us-east-1.s3.amazonaws.com/sumstats_flat_files_tabix/biomarkers-30790-both_sexes-irnt.tsv.bgz.tbi	wget https://pan-ukb-us-east-1.s3.amazonaws.com/sumstats_flat_files/biomarkers-30790-both_sexes-irnt.tsv.bgz	wget https://pan-ukb-us-east-1.s3.amazonaws.com/sumstats_flat_files_tabix/biomarkers-30790-both_sexes-irnt.tsv.bgz.tbi	2017626520	2170054	091e8edfa678a60c01246256e0393790	eebb50e4eedcb5b073803dedc788e331
Phosphate	30810	421793	https://pan-ukb-us-east-1.s3.amazonaws.com/sumstats_flat_files/biomarkers-30810-both_sexes-irnt.tsv.bgz	biomarkers	both_sexes		irnt			Biological samples > Assay results > Blood assays > Blood biochemistry	207949	179652	AFR,AMR,CSA,EAS,EUR,MID	6	5750	854	7685	2342	366484	1360							0.26905	0	0.20553	0.23469	0.061334	0	1.0447	0.67588	1.0167	0.99058	1.3538	0.74499	biomarkers-30810-both_sexes-irnt.tsv.bgz	biomarkers-30810-both_sexes-irnt.tsv.bgz.tbi	https://pan-ukb-us-east-1.s3.amazonaws.com/sumstats_flat_files_tabix/biomarkers-30810-both_sexes-irnt.tsv.bgz.tbi	wget https://pan-ukb-us-east-1.s3.amazonaws.com/sumstats_flat_files/biomarkers-30810-both_sexes-irnt.tsv.bgz	wget https://pan-ukb-us-east-1.s3.amazonaws.com/sumstats_flat_files_tabix/biomarkers-30810-both_sexes-irnt.tsv.bgz.tbi	2022299318	2170642	ebc722eb12e9832b6d75863ea6825e1b	84104d3ffa65cf7d4a3d7cc440f43719
SHBG	30830	418540	https://pan-ukb-us-east-1.s3.amazonaws.com/sumstats_flat_files/biomarkers-30830-both_sexes-irnt.tsv.bgz	biomarkers	both_sexes		irnt			Biological samples > Assay results > Blood assays > Blood biochemistry	206013	178611	AFR,AMR,CSA,EAS,EUR,MID	6	5709	849	7643	2327	363650	1348							0.31819	0.42962	0.33503	0.2649	0.10388	0.55442	0.98081	1.0055	1.0133	1.0148	1.5838	1.0333	biomarkers-30830-both_sexes-irnt.tsv.bgz	biomarkers-30830-both_sexes-irnt.tsv.bgz.tbi	https://pan-ukb-us-east-1.s3.amazonaws.com/sumstats_flat_files_tabix/biomarkers-30830-both_sexes-irnt.tsv.bgz.tbi	wget https://pan-ukb-us-east-1.s3.amazonaws.com/sumstats_flat_files/biomarkers-30830-both_sexes-irnt.tsv.bgz	wget https://pan-ukb-us-east-1.s3.amazonaws.com/sumstats_flat_files_tabix/biomarkers-30830-both_sexes-irnt.tsv.bgz.tbi	2021749295	2171183	7311a84378bc58f12ff206235cc129e2	4ae69d58e87829ae73fc75512368c9da
Total_bilirubin	30840	459567	https://pan-ukb-us-east-1.s3.amazonaws.com/sumstats_flat_files/biomarkers-30840-both_sexes-irnt.tsv.bgz	biomarkers	both_sexes		irnt			Biological samples > Assay results > Blood assays > Blood biochemistry	228177	194071	AFR,AMR,CSA,EAS,EUR,MID	6	6176	933	8395	2549	399286	1491							0.41174	0	0.45464	0.048819	0.13895	0.055441	1.013	0.9073	1.0347	1.0233	1.5504	0.98178	biomarkers-30840-both_sexes-irnt.tsv.bgz	biomarkers-30840-both_sexes-irnt.tsv.bgz.tbi	https://pan-ukb-us-east-1.s3.amazonaws.com/sumstats_flat_files_tabix/biomarkers-30840-both_sexes-irnt.tsv.bgz.tbi	wget https://pan-ukb-us-east-1.s3.amazonaws.com/sumstats_flat_files/biomarkers-30840-both_sexes-irnt.tsv.bgz	wget https://pan-ukb-us-east-1.s3.amazonaws.com/sumstats_flat_files_tabix/biomarkers-30840-both_sexes-irnt.tsv.bgz.tbi	2024619209	2171620	23576e0efdbd1290a68fafea58ae4b50	6fa8051148167e57650116345fc8ee3b
Testosterone	30850	417996	https://pan-ukb-us-east-1.s3.amazonaws.com/sumstats_flat_files/biomarkers-30850-both_sexes-irnt.tsv.bgz	biomarkers	both_sexes		irnt			Biological samples > Assay results > Blood assays > Blood biochemistry	191161	193028	AFR,AMR,CSA,EAS,EUR,MID	6	5623	828	7655	2379	363203	1393							0.1502	0	0.076733	0	0	0	1.0444	0.89015	0.98876	0.97108	1.1576	0.86403	biomarkers-30850-both_sexes-irnt.tsv.bgz	biomarkers-30850-both_sexes-irnt.tsv.bgz.tbi	https://pan-ukb-us-east-1.s3.amazonaws.com/sumstats_flat_files_tabix/biomarkers-30850-both_sexes-irnt.tsv.bgz.tbi	wget https://pan-ukb-us-east-1.s3.amazonaws.com/sumstats_flat_files/biomarkers-30850-both_sexes-irnt.tsv.bgz	wget https://pan-ukb-us-east-1.s3.amazonaws.com/sumstats_flat_files_tabix/biomarkers-30850-both_sexes-irnt.tsv.bgz.tbi	2019777429	2170579	a77edf642e550affdf3b1cb550f1f631	5e83b34e17dd13f9d34c63952140c13f
Total_protein	30860	422149	https://pan-ukb-us-east-1.s3.amazonaws.com/sumstats_flat_files/biomarkers-30860-both_sexes-irnt.tsv.bgz	biomarkers	both_sexes		irnt			Biological samples > Assay results > Blood assays > Blood biochemistry	208145	179759	AFR,AMR,CSA,EAS,EUR,MID	6	5759	856	7696	2342	366758	1362							0.22431	0	0.15127	0.17289	0.080109	0.31893	1.0048	0.99437	1.0214	1.0042	1.4404	1.0397	biomarkers-30860-both_sexes-irnt.tsv.bgz	biomarkers-30860-both_sexes-irnt.tsv.bgz.tbi	https://pan-ukb-us-east-1.s3.amazonaws.com/sumstats_flat_files_tabix/biomarkers-30860-both_sexes-irnt.tsv.bgz.tbi	wget https://pan-ukb-us-east-1.s3.amazonaws.com/sumstats_flat_files/biomarkers-30860-both_sexes-irnt.tsv.bgz	wget https://pan-ukb-us-east-1.s3.amazonaws.com/sumstats_flat_files_tabix/biomarkers-30860-both_sexes-irnt.tsv.bgz.tbi	2022170144	2170962	ee0e3dc72282ad1ecafb06bef3d206a5	ed9163a743ca318faaebc70758650ceb
Triglycerides	30870	461140	https://pan-ukb-us-east-1.s3.amazonaws.com/sumstats_flat_files/biomarkers-30870-both_sexes-irnt.tsv.bgz	biomarkers	both_sexes		irnt			Biological samples > Assay results > Blood assays > Blood biochemistry	228999	194702	AFR,AMR,CSA,EAS,EUR,MID	6	6211	937	8415	2570	400639	1499							0.29571	0.58936	0.27094	0.11737	0.089395	0.31476	1.0336	1.0152	1.026	0.98889	1.654	0.99251	biomarkers-30870-both_sexes-irnt.tsv.bgz	biomarkers-30870-both_sexes-irnt.tsv.bgz.tbi	https://pan-ukb-us-east-1.s3.amazonaws.com/sumstats_flat_files_tabix/biomarkers-30870-both_sexes-irnt.tsv.bgz.tbi	wget https://pan-ukb-us-east-1.s3.amazonaws.com/sumstats_flat_files/biomarkers-30870-both_sexes-irnt.tsv.bgz	wget https://pan-ukb-us-east-1.s3.amazonaws.com/sumstats_flat_files_tabix/biomarkers-30870-both_sexes-irnt.tsv.bgz.tbi	2024194969	2171401	6fa1506e80486b69b817763a802826bd	8e415c10ec2f28a712e689112f3ce995
Urate	30880	460950	https://pan-ukb-us-east-1.s3.amazonaws.com/sumstats_flat_files/biomarkers-30880-both_sexes-irnt.tsv.bgz	biomarkers	both_sexes		irnt			Biological samples > Assay results > Blood assays > Blood biochemistry	228839	194680	AFR,AMR,CSA,EAS,EUR,MID	6	6206	938	8411	2569	400469	1497							0.38883	0.1599	0.26783	0.29497	0.097922	0.51235	1.0103	1.0165	1.0012	1.0461	1.5676	1.0137	biomarkers-30880-both_sexes-irnt.tsv.bgz	biomarkers-30880-both_sexes-irnt.tsv.bgz.tbi	https://pan-ukb-us-east-1.s3.amazonaws.com/sumstats_flat_files_tabix/biomarkers-30880-both_sexes-irnt.tsv.bgz.tbi	wget https://pan-ukb-us-east-1.s3.amazonaws.com/sumstats_flat_files/biomarkers-30880-both_sexes-irnt.tsv.bgz	wget https://pan-ukb-us-east-1.s3.amazonaws.com/sumstats_flat_files_tabix/biomarkers-30880-both_sexes-irnt.tsv.bgz.tbi	2023076503	2171336	d09ce69786f357b6a4913a278931dc92	ec114c480191704b1203773d016c39a5
Vitamin_D	30890	440651	https://pan-ukb-us-east-1.s3.amazonaws.com/sumstats_flat_files/biomarkers-30890-both_sexes-irnt.tsv.bgz	biomarkers	both_sexes		irnt			Biological samples > Assay results > Blood assays > Blood biochemistry	216032	188769	AFR,AMR,CSA,EAS,EUR,MID	6	6046	892	7380	2484	383324	1390							0.24543	0.80574	0.23481	0.38566	0.0485	0.65977	1.026	0.98571	0.99684	1.0065	1.2841	1.0141	biomarkers-30890-both_sexes-irnt.tsv.bgz	biomarkers-30890-both_sexes-irnt.tsv.bgz.tbi	https://pan-ukb-us-east-1.s3.amazonaws.com/sumstats_flat_files_tabix/biomarkers-30890-both_sexes-irnt.tsv.bgz.tbi	wget https://pan-ukb-us-east-1.s3.amazonaws.com/sumstats_flat_files/biomarkers-30890-both_sexes-irnt.tsv.bgz	wget https://pan-ukb-us-east-1.s3.amazonaws.com/sumstats_flat_files_tabix/biomarkers-30890-both_sexes-irnt.tsv.bgz.tbi	2021404273	2171115	7b185bac50cd201c8808aa0351631baa	2902a5c891332d20ed095cfe6e03ac5a
Irritability	1940	129162	https://pan-ukb-us-east-1.s3.amazonaws.com/sumstats_flat_files/categorical-1940-both_sexes-1940.tsv.bgz	categorical	both_sexes	1940	""	"ACE touchscreen question ""Are you an irritable person?"" If the participant activated the Help button they were shown the message:     Work through these questions quickly and do not think about the exact meaning of the question"		UK Biobank Assessment Centre > Touchscreen > Psychosocial factors > Mental health	64737	64425	AFR,AMR,CSA,EAS,EUR,MID	6	1110	270	1899	558	112713	458	5045	646	5861	1799	289328	917	0.014397	0.024644	0.021003	0.021657	0.036496	0.023436	0.99371	1.0086	0.9848	1.0143	1.2128	1.0007	categorical-1940-both_sexes-1940.tsv.bgz	categorical-1940-both_sexes-1940.tsv.bgz.tbi	https://pan-ukb-us-east-1.s3.amazonaws.com/sumstats_flat_files_tabix/categorical-1940-both_sexes-1940.tsv.bgz.tbi	wget https://pan-ukb-us-east-1.s3.amazonaws.com/sumstats_flat_files/categorical-1940-both_sexes-1940.tsv.bgz	wget https://pan-ukb-us-east-1.s3.amazonaws.com/sumstats_flat_files_tabix/categorical-1940-both_sexes-1940.tsv.bgz.tbi	2424556952	2256525	c316bf807e23d683eb7885566e789b7a	573e6db12d83eff1f0c0101e5c723b6f
Sensitivity___hurt_feelings	1950	259930	https://pan-ukb-us-east-1.s3.amazonaws.com/sumstats_flat_files/categorical-1950-both_sexes-1950.tsv.bgz	categorical	both_sexes	1950	""	"ACE touchscreen question ""Are your feelings easily hurt?"" If the participant activated the Help button they were shown the message:     Work through these questions quickly and do not think about the exact meaning of the question"		UK Biobank Assessment Centre > Touchscreen > Psychosocial factors > Mental health	163340	96590	AFR,AMR,CSA,EAS,EUR,MID	6	2669	497	4901	1142	226844	875	3595	432	3190	1306	181625	597	0.01285	0.013923	0.0065803	0	0.030738	0.032503	0.992	1.0035	1.0162	1.0213	1.2081	1.0222	categorical-1950-both_sexes-1950.tsv.bgz	categorical-1950-both_sexes-1950.tsv.bgz.tbi	https://pan-ukb-us-east-1.s3.amazonaws.com/sumstats_flat_files_tabix/categorical-1950-both_sexes-1950.tsv.bgz.tbi	wget https://pan-ukb-us-east-1.s3.amazonaws.com/sumstats_flat_files/categorical-1950-both_sexes-1950.tsv.bgz	wget https://pan-ukb-us-east-1.s3.amazonaws.com/sumstats_flat_files_tabix/categorical-1950-both_sexes-1950.tsv.bgz.tbi	2429533631	2256772	8e91e9d1f534219ae8b705caa4c08f2b	e977c5d8f7b9f47f4785d974027242cb
Worrier___anxious_feelings	1980	265511	https://pan-ukb-us-east-1.s3.amazonaws.com/sumstats_flat_files/categorical-1980-both_sexes-1980.tsv.bgz	categorical	both_sexes	1980	""	"ACE touchscreen question ""Are you a worrier?"" If the participant activated the Help button they were shown the message:     Work through these questions quickly and do not think about the exact meaning of the question"		UK Biobank Assessment Centre > Touchscreen > Psychosocial factors > Mental health	163406	102105	AFR,AMR,CSA,EAS,EUR,MID	6	2740	508	4462	1214	231995	914	3493	421	3649	1261	177677	560	0.010762	0.029804	0.01544	0.021685	0.034326	0.021419	1.0029	1.0218	1.0109	0.99918	1.2535	1.0112	categorical-1980-both_sexes-1980.tsv.bgz	categorical-1980-both_sexes-1980.tsv.bgz.tbi	https://pan-ukb-us-east-1.s3.amazonaws.com/sumstats_flat_files_tabix/categorical-1980-both_sexes-1980.tsv.bgz.tbi	wget https://pan-ukb-us-east-1.s3.amazonaws.com/sumstats_flat_files/categorical-1980-both_sexes-1980.tsv.bgz	wget https://pan-ukb-us-east-1.s3.amazonaws.com/sumstats_flat_files_tabix/categorical-1980-both_sexes-1980.tsv.bgz.tbi	2429354044	2256944	6bd5b59877bb8758add9394791abc541	37a8405cfe12168d739f2dd266b13cbf
Tense___highly_strung	1990	82415	https://pan-ukb-us-east-1.s3.amazonaws.com/sumstats_flat_files/categorical-1990-both_sexes-1990.tsv.bgz	categorical	both_sexes	1990	""	"ACE touchscreen question ""Would you call yourself tense or 'highly strung'?"" If the participant activated the Help button they were shown the message:     Work through these questions quickly and do not think about the exact meaning of the question"		UK Biobank Assessment Centre > Touchscreen > Psychosocial factors > Mental health	49440	32975	AFR,CSA,EAS,EUR,MID	5	1034		1855	484	70098	365	4750		5457	1778	337632	947	0		0.013999	0.016964	0.039989	0.017148	0.9932		1.0174	0.98683	1.162	1.0137	categorical-1990-both_sexes-1990.tsv.bgz	categorical-1990-both_sexes-1990.tsv.bgz.tbi	https://pan-ukb-us-east-1.s3.amazonaws.com/sumstats_flat_files_tabix/categorical-1990-both_sexes-1990.tsv.bgz.tbi	wget https://pan-ukb-us-east-1.s3.amazonaws.com/sumstats_flat_files/categorical-1990-both_sexes-1990.tsv.bgz	wget https://pan-ukb-us-east-1.s3.amazonaws.com/sumstats_flat_files_tabix/categorical-1990-both_sexes-1990.tsv.bgz.tbi	2217323021	2205130	a66adbdcaaf64f5b2f5aec78ce763cdc	8a5ed78da2424d2879cead663af79fd9
Worry_too_long_after_embarrassment	2000	220948	https://pan-ukb-us-east-1.s3.amazonaws.com/sumstats_flat_files/categorical-2000-both_sexes-2000.tsv.bgz	categorical	both_sexes	2000	""	"ACE touchscreen question ""Do you worry too long after an embarrassing experience?"" If the participant activated the Help button they were shown the message:     Work through these questions quickly and do not think about the exact meaning of the question"		UK Biobank Assessment Centre > Touchscreen > Psychosocial factors > Mental health	135585	85363	AFR,AMR,CSA,EAS,EUR,MID	6	2610	442	4002	986	192631	787	3607	462	3886	1452	210900	660	0.018134	0.019348	0	0.026916	0.029275	0.012561	1.0069	1.0091	1.0244	1.0128	1.2025	0.98865	categorical-2000-both_sexes-2000.tsv.bgz	categorical-2000-both_sexes-2000.tsv.bgz.tbi	https://pan-ukb-us-east-1.s3.amazonaws.com/sumstats_flat_files_tabix/categorical-2000-both_sexes-2000.tsv.bgz.tbi	wget https://pan-ukb-us-east-1.s3.amazonaws.com/sumstats_flat_files/categorical-2000-both_sexes-2000.tsv.bgz	wget https://pan-ukb-us-east-1.s3.amazonaws.com/sumstats_flat_files_tabix/categorical-2000-both_sexes-2000.tsv.bgz.tbi	2428827724	2256740	98dca349a00b658f8bdf3a1ad540f25e	e5419e4df47cd9169f312867962a6f6c
Suffer_from_nerves	2010	98108	https://pan-ukb-us-east-1.s3.amazonaws.com/sumstats_flat_files/categorical-2010-both_sexes-2010.tsv.bgz	categorical	both_sexes	2010	""	"ACE touchscreen question ""Do you suffer from 'nerves'?"" If the participant activated the Help button they were shown the message:     Work through these questions quickly and do not think about the exact meaning of the question"		UK Biobank Assessment Centre > Touchscreen > Psychosocial factors > Mental health	52496	45612	AFR,AMR,CSA,EAS,EUR,MID	6	924	186	1604	446	86065	289	5215	724	6260	1925	319257	1153	0	0.04298	0.016566	0.032778	0.02724	0.040527	0.97832	0.96504	0.96952	0.96143	1.1147	0.96938	categorical-2010-both_sexes-2010.tsv.bgz	categorical-2010-both_sexes-2010.tsv.bgz.tbi	https://pan-ukb-us-east-1.s3.amazonaws.com/sumstats_flat_files_tabix/categorical-2010-both_sexes-2010.tsv.bgz.tbi	wget https://pan-ukb-us-east-1.s3.amazonaws.com/sumstats_flat_files/categorical-2010-both_sexes-2010.tsv.bgz	wget https://pan-ukb-us-east-1.s3.amazonaws.com/sumstats_flat_files_tabix/categorical-2010-both_sexes-2010.tsv.bgz.tbi	2420977498	2256032	8b4c2ac8b517fe2f999328de5b50039d	f769289d1e2ae95af4eafb3b534d0687
Loneliness_isolation	2020	87766	https://pan-ukb-us-east-1.s3.amazonaws.com/sumstats_flat_files/categorical-2020-both_sexes-2020.tsv.bgz	categorical	both_sexes	2020	""	"ACE touchscreen question ""Do you often feel lonely?"" If the participant activated the Help button they were shown the message:     Work through these questions quickly and do not think about the exact meaning of the question"		UK Biobank Assessment Centre > Touchscreen > Psychosocial factors > Mental health	54658	33108	AFR,AMR,CSA,EAS,EUR,MID	6	1634	241	2200	461	74098	427	4686	695	5991	2058	339838	1067	0.029311	0.024692	0.01528	0.01169	0.03173	0.0218	0.99345	0.96515	0.99674	1.0055	1.1113	0.99643	categorical-2020-both_sexes-2020.tsv.bgz	categorical-2020-both_sexes-2020.tsv.bgz.tbi	https://pan-ukb-us-east-1.s3.amazonaws.com/sumstats_flat_files_tabix/categorical-2020-both_sexes-2020.tsv.bgz.tbi	wget https://pan-ukb-us-east-1.s3.amazonaws.com/sumstats_flat_files/categorical-2020-both_sexes-2020.tsv.bgz	wget https://pan-ukb-us-east-1.s3.amazonaws.com/sumstats_flat_files_tabix/categorical-2020-both_sexes-2020.tsv.bgz.tbi	2426261513	2256805	386a310d671f418c22e9fcd7866f771d	8bd4640af8ba953fa9dae27e97e20c54
Risk_taking	2040	125262	https://pan-ukb-us-east-1.s3.amazonaws.com/sumstats_flat_files/categorical-2040-both_sexes-2040.tsv.bgz	categorical	both_sexes	2040	""	"ACE touchscreen question ""Would you describe yourself as someone who takes risks?"" If the participant activated the Help button they were shown the message:     Work through these questions quickly and do not think about the exact meaning of the question"		UK Biobank Assessment Centre > Touchscreen > Psychosocial factors > Mental health	50528	74734	AFR,AMR,CSA,EAS,EUR,MID	6	2523	402	3058	701	104809	564	3578	504	4604	1618	301022	847	0.017367	0.023649	0.009355	0.0083192	0.035096	0.015572	1.0023	1.0041	0.99827	0.98596	1.1777	0.98568	categorical-2040-both_sexes-2040.tsv.bgz	categorical-2040-both_sexes-2040.tsv.bgz.tbi	https://pan-ukb-us-east-1.s3.amazonaws.com/sumstats_flat_files_tabix/categorical-2040-both_sexes-2040.tsv.bgz.tbi	wget https://pan-ukb-us-east-1.s3.amazonaws.com/sumstats_flat_files/categorical-2040-both_sexes-2040.tsv.bgz	wget https://pan-ukb-us-east-1.s3.amazonaws.com/sumstats_flat_files_tabix/categorical-2040-both_sexes-2040.tsv.bgz.tbi	2427330284	2256637	714b4f1f46e577dfc96ff7883104e7ad	b8b4b14d7221d7284d671148693ab272
Body_mass_index__BMI_	21001	482304	https://pan-ukb-us-east-1.s3.amazonaws.com/sumstats_flat_files/continuous-21001-both_sexes-irnt.tsv.bgz	continuous	both_sexes		irnt	BMI value here is constructed from height and weight measured during the initial Assessment Centre visit. Value is not present if either of these readings were omitted.		UK Biobank Assessment Centre > Physical measures > Anthropometry > Body size measures	261673	220631	AFR,AMR,CSA,EAS,EUR,MID	6	6545	971	8646	2693	419163	1572							0.38383	0.91323	0.38206	0.3892	0.10901	0.55067	1.038	1.014	1.0331	1.0297	1.8079	1.0222	continuous-21001-both_sexes-irnt.tsv.bgz	continuous-21001-both_sexes-irnt.tsv.bgz.tbi	https://pan-ukb-us-east-1.s3.amazonaws.com/sumstats_flat_files_tabix/continuous-21001-both_sexes-irnt.tsv.bgz.tbi	wget https://pan-ukb-us-east-1.s3.amazonaws.com/sumstats_flat_files/continuous-21001-both_sexes-irnt.tsv.bgz	wget https://pan-ukb-us-east-1.s3.amazonaws.com/sumstats_flat_files_tabix/continuous-21001-both_sexes-irnt.tsv.bgz.tbi	2024641832	2171350	b23e03e39e535e324f99587a407e4e2a	de5ebd1d3c0bd72667b34375c5656c9c
Body_fat_percentage	23099	475314	https://pan-ukb-us-east-1.s3.amazonaws.com/sumstats_flat_files/continuous-23099-both_sexes-irnt.tsv.bgz	continuous	both_sexes		irnt	Body composition estimation by impedance measurement. Body fat percentage Body fat percentage. Range 1% - 75% in 0.1% increments.		UK Biobank Assessment Centre > Physical measures > Anthropometry > Impedance measures	258185	217129	AFR,CSA,EAS,EUR,MID	5	6455		8654	2658	412960	1535							0.35396		0.3703	0.37438	0	0.68882	1.0297		1.0188	1.0024	1.5052	1.0103	continuous-23099-both_sexes-irnt.tsv.bgz	continuous-23099-both_sexes-irnt.tsv.bgz.tbi	https://pan-ukb-us-east-1.s3.amazonaws.com/sumstats_flat_files_tabix/continuous-23099-both_sexes-irnt.tsv.bgz.tbi	wget https://pan-ukb-us-east-1.s3.amazonaws.com/sumstats_flat_files/continuous-23099-both_sexes-irnt.tsv.bgz	wget https://pan-ukb-us-east-1.s3.amazonaws.com/sumstats_flat_files_tabix/continuous-23099-both_sexes-irnt.tsv.bgz.tbi	1851135681	2121101	4c8a8ae16fc345915b0d2c7378229a4b	7aa334e063638b82d102add47c4b43cb
White_blood_cell__leukocyte__count	30000	469472	https://pan-ukb-us-east-1.s3.amazonaws.com/sumstats_flat_files/continuous-30000-both_sexes-irnt.tsv.bgz	continuous	both_sexes		irnt	"Result of ""White Blood Cell Count"" assay, performed on blood sample, obtained from UK Biobank assessment centre visit. White blood count is the number of leukocytes.   Analyser operating range was 0 to 9x10^11 cells/Litre.   Typical reference range is 3.5x10^9 to 9.6x10^9 cells/Litre."		Biological samples > Assay results > Blood assays > Blood count	254014	215458	AFR,AMR,CSA,EAS,EUR,MID	6	6281	950	8532	2632	408002	1548							0.54381	0.61529	0.29765	0.19356	0	0.4324	1.0404	1.0211	1.0228	1.0195	1.3305	1.0353	continuous-30000-both_sexes-irnt.tsv.bgz	continuous-30000-both_sexes-irnt.tsv.bgz.tbi	https://pan-ukb-us-east-1.s3.amazonaws.com/sumstats_flat_files_tabix/continuous-30000-both_sexes-irnt.tsv.bgz.tbi	wget https://pan-ukb-us-east-1.s3.amazonaws.com/sumstats_flat_files/continuous-30000-both_sexes-irnt.tsv.bgz	wget https://pan-ukb-us-east-1.s3.amazonaws.com/sumstats_flat_files_tabix/continuous-30000-both_sexes-irnt.tsv.bgz.tbi	2024332747	2171394	119d3ba6313084d6d5443118faf52860	cb0cd7bc2e6a40a846516d2893f9ec94
Red_blood_cell__erythrocyte__count	30010	469477	https://pan-ukb-us-east-1.s3.amazonaws.com/sumstats_flat_files/continuous-30010-both_sexes-irnt.tsv.bgz	continuous	both_sexes		irnt	"Result of ""Red Blood Cell Count"" assay, performed on blood sample, obtained from UK Biobank assessment centre visit. Red blood cells is the number of erythrocytes.   Analyser operating range was 0 to 2x10^13 cells/Litre.   Typical reference range is 3.9x10^12 to 5.5x10^12 cells/Litre."		Biological samples > Assay results > Blood assays > Blood count	254016	215461	AFR,AMR,CSA,EAS,EUR,MID	6	6281	950	8532	2632	408007	1548							0.50092	0.13	0.35401	0.25574	0.10843	0.76246	1.0291	1.0038	1.025	1.021	1.714	0.99927	continuous-30010-both_sexes-irnt.tsv.bgz	continuous-30010-both_sexes-irnt.tsv.bgz.tbi	https://pan-ukb-us-east-1.s3.amazonaws.com/sumstats_flat_files_tabix/continuous-30010-both_sexes-irnt.tsv.bgz.tbi	wget https://pan-ukb-us-east-1.s3.amazonaws.com/sumstats_flat_files/continuous-30010-both_sexes-irnt.tsv.bgz	wget https://pan-ukb-us-east-1.s3.amazonaws.com/sumstats_flat_files_tabix/continuous-30010-both_sexes-irnt.tsv.bgz.tbi	2024678771	2171131	36271dc508096609178c22be5cd01bdb	9fe5f144965eab4cc297983944349191
Mean_corpuscular_haemoglobin	30050	469474	https://pan-ukb-us-east-1.s3.amazonaws.com/sumstats_flat_files/continuous-30050-both_sexes-irnt.tsv.bgz	continuous	both_sexes		irnt	"Result of ""Mean Corpuscular Haemoglobin"" assay, performed on blood sample, obtained from UK Biobank assessment centre visit."		Biological samples > Assay results > Blood assays > Blood count	254014	215460	AFR,AMR,CSA,EAS,EUR,MID	6	6281	950	8532	2632	408004	1548							0.42589	0.74002	0.39264	0.201	0.11746	0.73583	1.0076	0.99676	1.0192	1.0194	1.6568	1.0128	continuous-30050-both_sexes-irnt.tsv.bgz	continuous-30050-both_sexes-irnt.tsv.bgz.tbi	https://pan-ukb-us-east-1.s3.amazonaws.com/sumstats_flat_files_tabix/continuous-30050-both_sexes-irnt.tsv.bgz.tbi	wget https://pan-ukb-us-east-1.s3.amazonaws.com/sumstats_flat_files/continuous-30050-both_sexes-irnt.tsv.bgz	wget https://pan-ukb-us-east-1.s3.amazonaws.com/sumstats_flat_files_tabix/continuous-30050-both_sexes-irnt.tsv.bgz.tbi	2025819893	2171364	fcd03856efc185e98ee87ed1a0d41c2c	13e6c1b7b10892f0f42edb0ab604647f
Lymphocyte_count	30120	468607	https://pan-ukb-us-east-1.s3.amazonaws.com/sumstats_flat_files/continuous-30120-both_sexes-irnt.tsv.bgz	continuous	both_sexes		irnt	"Result of ""Lymphocytes Number"" assay, performed on blood sample, obtained from UK Biobank assessment centre visit. Lymphocyte count is the proportion of ( lymphoctyes / 100 ) x white blood cell count"		Biological samples > Assay results > Blood assays > Blood count	253557	215050	AFR,AMR,CSA,EAS,EUR,MID	6	6262	949	8502	2630	407277	1546							0.18957	0.23854	0.31178	0.26206	0.096203	0.40808	1.0268	1.0358	1.0222	1.013	1.582	0.9816	continuous-30120-both_sexes-irnt.tsv.bgz	continuous-30120-both_sexes-irnt.tsv.bgz.tbi	https://pan-ukb-us-east-1.s3.amazonaws.com/sumstats_flat_files_tabix/continuous-30120-both_sexes-irnt.tsv.bgz.tbi	wget https://pan-ukb-us-east-1.s3.amazonaws.com/sumstats_flat_files/continuous-30120-both_sexes-irnt.tsv.bgz	wget https://pan-ukb-us-east-1.s3.amazonaws.com/sumstats_flat_files_tabix/continuous-30120-both_sexes-irnt.tsv.bgz.tbi	2024450083	2171106	e6226049300fb3c62457cf78a048c3d1	554df70203c943c7678c0e02db3bf780
Basophill_count	30160	468607	https://pan-ukb-us-east-1.s3.amazonaws.com/sumstats_flat_files/continuous-30160-both_sexes.tsv.bgz	continuous	both_sexes		""	"Result of ""Basophils Number"" assay, performed on blood sample, obtained from UK Biobank assessment centre visit. Basophils count is the proportion of ( basophils / 100 ) x white blood cell count."		Biological samples > Assay results > Blood assays > Blood count	253557	215050	AFR,CSA,EAS,EUR,MID	5	6262		8502	2630	407277	1546							0.12398		0.34659	0.22181	0	0	1.0491		1.026	0.99642	1.2014	0.84938	continuous-30160-both_sexes.tsv.bgz	continuous-30160-both_sexes.tsv.bgz.tbi	https://pan-ukb-us-east-1.s3.amazonaws.com/sumstats_flat_files_tabix/continuous-30160-both_sexes.tsv.bgz.tbi	wget https://pan-ukb-us-east-1.s3.amazonaws.com/sumstats_flat_files/continuous-30160-both_sexes.tsv.bgz	wget https://pan-ukb-us-east-1.s3.amazonaws.com/sumstats_flat_files_tabix/continuous-30160-both_sexes.tsv.bgz.tbi	1851526732	2120836	2469668bc3677b8ae0970aebdd1e6b37	72381cfb5086cfffa2612e271a60f86d
Age_at_menopause__last_menstrual_period_	3581	148755	https://pan-ukb-us-east-1.s3.amazonaws.com/sumstats_flat_files/continuous-3581-both_sexes-irnt.tsv.bgz	continuous	both_sexes		irnt	"ACE touchscreen question ""How old were you when your periods stopped?"" The following checks were performed:  If answer   If answer > Participants age then rejected  If answer > 70 then rejected  If answer   If answer > 60 then participant asked to confirm   If the participant activated the Help button they were shown the message:     If you are unsure, please provide an estimate or select Do not know.      ~F3581~ was collected from women who indicated that their periods had stopped, as defined by their answers to ~F2724~"		UK Biobank Assessment Centre > Touchscreen > Sex-specific factors > Female-specific factors	148755	0	AFR,AMR,CSA,EAS,EUR,MID	6	1567	329	2055	771	130933	290							0.49939	0.47871	0.25974	0	0.069155	0.38853	1.0174	0.99558	1.0179	0.59667	1.1396	0.98705	continuous-3581-both_sexes-irnt.tsv.bgz	continuous-3581-both_sexes-irnt.tsv.bgz.tbi	https://pan-ukb-us-east-1.s3.amazonaws.com/sumstats_flat_files_tabix/continuous-3581-both_sexes-irnt.tsv.bgz.tbi	wget https://pan-ukb-us-east-1.s3.amazonaws.com/sumstats_flat_files/continuous-3581-both_sexes-irnt.tsv.bgz	wget https://pan-ukb-us-east-1.s3.amazonaws.com/sumstats_flat_files_tabix/continuous-3581-both_sexes-irnt.tsv.bgz.tbi	1957246794	2161360	2eacd5f2b66ee22b3facfe44340ad859	c617c0f6c46777ceb1451d290e66796b
Age_deep_vein_thrombosis__DVT_blood_clot_in_leg__diagnosed	4012	8920	https://pan-ukb-us-east-1.s3.amazonaws.com/sumstats_flat_files/continuous-4012-both_sexes-irnt.tsv.bgz	continuous	both_sexes		irnt	"ACE touchscreen question ""What was your age when the blood clot in the leg (DVT) was first diagnosed?"" The following checks were performed:  If answer   If answer > Participants age then rejected  If answer   If answer > 69 then participant asked to confirm   If the participant activated the Help button they were shown the message:     If you are unsure, please provide an estimate or select Do not know.      ~F4012~ was collected from participants who indicated they were told by a doctor that they have had a Blood clot in the leg (DVT) , as defined by their answers to ~F6152~"		UK Biobank Assessment Centre > Touchscreen > Health and medical history > Medical conditions	5230	0	AFR,EUR	2	109				7931								0				0		0.65029				1.0247		continuous-4012-both_sexes-irnt.tsv.bgz	continuous-4012-both_sexes-irnt.tsv.bgz.tbi	https://pan-ukb-us-east-1.s3.amazonaws.com/sumstats_flat_files_tabix/continuous-4012-both_sexes-irnt.tsv.bgz.tbi	wget https://pan-ukb-us-east-1.s3.amazonaws.com/sumstats_flat_files/continuous-4012-both_sexes-irnt.tsv.bgz	wget https://pan-ukb-us-east-1.s3.amazonaws.com/sumstats_flat_files_tabix/continuous-4012-both_sexes-irnt.tsv.bgz.tbi	892067490	1875389	ce6d1aaad210d06280977c057fc91dbf	c55f4ee50082d72d08dd4c2a24cc3b17
Diastolic_blood_pressure_automated_reading	4079	457245	https://pan-ukb-us-east-1.s3.amazonaws.com/sumstats_flat_files/continuous-4079-both_sexes-irnt.tsv.bgz	continuous	both_sexes		irnt	Blood pressure, automated reading, diastolic. Two measures of blood pressure were taken a few moments apart.  Range returned by the Omron device is is 0-255		UK Biobank Assessment Centre > Physical measures > Blood pressure	247728	209517	AFR,AMR,CSA,EAS,EUR,MID	6	6551	959	8641	2600	396667	1541							0.20794	0.039156	0.074567	0.12038	0.063999	0.1598	1.0186	1.0167	1.0052	0.9991	1.4837	1.0035	continuous-4079-both_sexes-irnt.tsv.bgz	continuous-4079-both_sexes-irnt.tsv.bgz.tbi	https://pan-ukb-us-east-1.s3.amazonaws.com/sumstats_flat_files_tabix/continuous-4079-both_sexes-irnt.tsv.bgz.tbi	wget https://pan-ukb-us-east-1.s3.amazonaws.com/sumstats_flat_files/continuous-4079-both_sexes-irnt.tsv.bgz	wget https://pan-ukb-us-east-1.s3.amazonaws.com/sumstats_flat_files_tabix/continuous-4079-both_sexes-irnt.tsv.bgz.tbi	2024724372	2171355	1d4e526ad5785703de31f75f419bc1b8	3f9269e413469082b07246927369fc90
Systolic_blood_pressure_automated_reading	4080	457240	https://pan-ukb-us-east-1.s3.amazonaws.com/sumstats_flat_files/continuous-4080-both_sexes-irnt.tsv.bgz	continuous	both_sexes		irnt	Blood pressure, automated reading, systolic. Two measures of blood pressure were taken a few moments apart.   Range returned by the Omron device is is 0-255		UK Biobank Assessment Centre > Physical measures > Blood pressure	247725	209515	AFR,AMR,CSA,EAS,EUR,MID	6	6551	959	8641	2600	396663	1541							0.17001	0.038015	0.11529	0.33367	0.071273	0.4048	0.99317	1.0302	0.99847	0.99252	1.4855	1.008	continuous-4080-both_sexes-irnt.tsv.bgz	continuous-4080-both_sexes-irnt.tsv.bgz.tbi	https://pan-ukb-us-east-1.s3.amazonaws.com/sumstats_flat_files_tabix/continuous-4080-both_sexes-irnt.tsv.bgz.tbi	wget https://pan-ukb-us-east-1.s3.amazonaws.com/sumstats_flat_files/continuous-4080-both_sexes-irnt.tsv.bgz	wget https://pan-ukb-us-east-1.s3.amazonaws.com/sumstats_flat_files_tabix/continuous-4080-both_sexes-irnt.tsv.bgz.tbi	2024290064	2171105	a33d7f6d643e4dc54afedb326d2f95ff	5654eac599c5241a0b170df593e8ac77
Standing_height	50	482833	https://pan-ukb-us-east-1.s3.amazonaws.com/sumstats_flat_files/continuous-50-both_sexes-irnt.tsv.bgz	continuous	both_sexes		irnt	Standing height was measured using a Seca 202 device		UK Biobank Assessment Centre > Physical measures > Anthropometry > Body size measures	261962	220871	AFR,AMR,CSA,EAS	4	6556	972	8657	2697									0.4603	0	0.57088	0.44149			1.0433	0.89646	1.0528	1.0339			continuous-50-both_sexes-irnt.tsv.bgz	continuous-50-both_sexes-irnt.tsv.bgz.tbi	https://pan-ukb-us-east-1.s3.amazonaws.com/sumstats_flat_files_tabix/continuous-50-both_sexes-irnt.tsv.bgz.tbi	wget https://pan-ukb-us-east-1.s3.amazonaws.com/sumstats_flat_files/continuous-50-both_sexes-irnt.tsv.bgz	wget https://pan-ukb-us-east-1.s3.amazonaws.com/sumstats_flat_files_tabix/continuous-50-both_sexes-irnt.tsv.bgz.tbi	1354145486	2014446	295b352ea8e302e8be90839be03f7822	a2f0f2044e849602c5b03ad85cbbf140
Albumin_Globulin_ratio	AG	424211	https://pan-ukb-us-east-1.s3.amazonaws.com/sumstats_flat_files/continuous-AG-both_sexes-irnt.tsv.bgz	continuous	both_sexes		irnt	Albumin (30600) / (Total Protein [30860] - Albumin)			196015	228196	AFR,AMR,CSA,EAS,EUR,MID	6	5765	858	7707	2344	368652	1367							0.31145	0.12635	0.32251	0.4483	0.089702	0.14027	1.0168	1.0028	1.0215	1.0372	1.5187	1.031	continuous-AG-both_sexes-irnt.tsv.bgz	continuous-AG-both_sexes-irnt.tsv.bgz.tbi	https://pan-ukb-us-east-1.s3.amazonaws.com/sumstats_flat_files_tabix/continuous-AG-both_sexes-irnt.tsv.bgz.tbi	wget https://pan-ukb-us-east-1.s3.amazonaws.com/sumstats_flat_files/continuous-AG-both_sexes-irnt.tsv.bgz	wget https://pan-ukb-us-east-1.s3.amazonaws.com/sumstats_flat_files_tabix/continuous-AG-both_sexes-irnt.tsv.bgz.tbi	2022180320	2170576	a6a89112a45f50613ad2d64cb77c94ef	1e7b390119d58c0c8faf0b037de7b2b8
Diastolic_blood_pressure_automated_reading_adjusted_by_medication	DBP	453010	https://pan-ukb-us-east-1.s3.amazonaws.com/sumstats_flat_files/continuous-DBP-both_sexes-auto_medadj_irnt.tsv.bgz	continuous	both_sexes		auto_medadj_irnt	DBP (automated reading; 4079) adjusted by the use of blood pressure lowering medication (6153_2 and 6177_2)			207014	245996	AFR,AMR,CSA,EAS,EUR,MID	6	6350	930	8206	2466	393862	1474							0.29893	0.29083	0.14506	0.10712	0.087509	0.14221	1.0257	1.014	0.9984	1.0122	1.6115	1.0203	continuous-DBP-both_sexes-auto_medadj_irnt.tsv.bgz	continuous-DBP-both_sexes-auto_medadj_irnt.tsv.bgz.tbi	https://pan-ukb-us-east-1.s3.amazonaws.com/sumstats_flat_files_tabix/continuous-DBP-both_sexes-auto_medadj_irnt.tsv.bgz.tbi	wget https://pan-ukb-us-east-1.s3.amazonaws.com/sumstats_flat_files/continuous-DBP-both_sexes-auto_medadj_irnt.tsv.bgz	wget https://pan-ukb-us-east-1.s3.amazonaws.com/sumstats_flat_files_tabix/continuous-DBP-both_sexes-auto_medadj_irnt.tsv.bgz.tbi	2024242109	2171330	1e2e396770ff7728e33fbb2c20d35a2f	a89994697ca7ca347c593178547f8b51
LDL_direct_adjusted_by_medication	LDLC	457526	https://pan-ukb-us-east-1.s3.amazonaws.com/sumstats_flat_files/continuous-LDLC-both_sexes-medadj_irnt.tsv.bgz	continuous	both_sexes		medadj_irnt	LDLC (30780) adjusted by the use of cholesterol lowering medication (6153_1 and 6177_1)			208967	248559	AFR,AMR,CSA,EAS,EUR,MID	6	6006	912	7985	2438	398414	1437							0.29425	0.24644	0.33026	0	0.10998	0.19372	0.97792	0.99675	1.034	0.94511	1.5496	1.021	continuous-LDLC-both_sexes-medadj_irnt.tsv.bgz	continuous-LDLC-both_sexes-medadj_irnt.tsv.bgz.tbi	https://pan-ukb-us-east-1.s3.amazonaws.com/sumstats_flat_files_tabix/continuous-LDLC-both_sexes-medadj_irnt.tsv.bgz.tbi	wget https://pan-ukb-us-east-1.s3.amazonaws.com/sumstats_flat_files/continuous-LDLC-both_sexes-medadj_irnt.tsv.bgz	wget https://pan-ukb-us-east-1.s3.amazonaws.com/sumstats_flat_files_tabix/continuous-LDLC-both_sexes-medadj_irnt.tsv.bgz.tbi	2023862346	2171104	bfba9507068661f22a8c9a028b76e082	41f16de6419c0e4b71bcfe9e301b830f
Mean_arterial_pressure_automated_reading	MAP	457240	https://pan-ukb-us-east-1.s3.amazonaws.com/sumstats_flat_files/continuous-MAP-both_sexes-auto_irnt.tsv.bgz	continuous	both_sexes		auto_irnt	(SBP [4080] + 2 * DBP [4079]) / 3			209515	247725	AFR,AMR,CSA,EAS,EUR,MID	6	6551	959	8641	2600	396663	1541							0.19741	0.02504	0.087193	0.25381	0.066058	0.26604	1.007	1.0409	0.99726	1.0237	1.4782	0.99834	continuous-MAP-both_sexes-auto_irnt.tsv.bgz	continuous-MAP-both_sexes-auto_irnt.tsv.bgz.tbi	https://pan-ukb-us-east-1.s3.amazonaws.com/sumstats_flat_files_tabix/continuous-MAP-both_sexes-auto_irnt.tsv.bgz.tbi	wget https://pan-ukb-us-east-1.s3.amazonaws.com/sumstats_flat_files/continuous-MAP-both_sexes-auto_irnt.tsv.bgz	wget https://pan-ukb-us-east-1.s3.amazonaws.com/sumstats_flat_files_tabix/continuous-MAP-both_sexes-auto_irnt.tsv.bgz.tbi	2024582926	2171258	c1d35860f3f7bcbc744e46484f5f58c5	7fefbf66c1983cee34128a20b2422935
Pulse_pressure_automated_reading	PP	457240	https://pan-ukb-us-east-1.s3.amazonaws.com/sumstats_flat_files/continuous-PP-both_sexes-auto_irnt.tsv.bgz	continuous	both_sexes		auto_irnt	SBP (4080) - DBP (4079)			209515	247725	AFR,AMR,CSA,EAS,EUR,MID	6	6551	959	8641	2600	396663	1541							0.1547	0.22083	0.16613	0.24996	0.075961	0.53438	1.0128	1.0058	1.0233	1.0144	1.4777	1.0095	continuous-PP-both_sexes-auto_irnt.tsv.bgz	continuous-PP-both_sexes-auto_irnt.tsv.bgz.tbi	https://pan-ukb-us-east-1.s3.amazonaws.com/sumstats_flat_files_tabix/continuous-PP-both_sexes-auto_irnt.tsv.bgz.tbi	wget https://pan-ukb-us-east-1.s3.amazonaws.com/sumstats_flat_files/continuous-PP-both_sexes-auto_irnt.tsv.bgz	wget https://pan-ukb-us-east-1.s3.amazonaws.com/sumstats_flat_files_tabix/continuous-PP-both_sexes-auto_irnt.tsv.bgz.tbi	2024021116	2171302	954510399c8015781e84923fa9f2232b	3512b70ac2ab4ca4974e092bd29561ab
Smoking_status_ever_vs_never	Smoking	481789	https://pan-ukb-us-east-1.s3.amazonaws.com/sumstats_flat_files/continuous-Smoking-both_sexes-Ever_Never.tsv.bgz	continuous	both_sexes		Ever_Never	Ever (previous + current smoker) vs never based on smoking status (20116)			220474	261315	AFR,AMR,CSA,EAS,EUR,MID	6	6532	962	8632	2649	418817	1563							0.42611	0.12877	0.146	0.74894	0	0.63077	1.0275	0.97806	1.0387	1.0763	1.2611	1.0166	continuous-Smoking-both_sexes-Ever_Never.tsv.bgz	continuous-Smoking-both_sexes-Ever_Never.tsv.bgz.tbi	https://pan-ukb-us-east-1.s3.amazonaws.com/sumstats_flat_files_tabix/continuous-Smoking-both_sexes-Ever_Never.tsv.bgz.tbi	wget https://pan-ukb-us-east-1.s3.amazonaws.com/sumstats_flat_files/continuous-Smoking-both_sexes-Ever_Never.tsv.bgz	wget https://pan-ukb-us-east-1.s3.amazonaws.com/sumstats_flat_files_tabix/continuous-Smoking-both_sexes-Ever_Never.tsv.bgz.tbi	2025192752	2171201	56d0d88d517ea893bc80f432539f4a56	54199c5fccd5300b2fe5d24e2d459ae1
M72_Fibroblastic_disorders	M72	3773	https://pan-ukb-us-east-1.s3.amazonaws.com/sumstats_flat_files/icd10-M72-both_sexes.tsv.bgz	icd10	both_sexes		""	truncated: true		Chapter XIII Diseases of the musculoskeletal system and connective tissue | M70-M79 Other soft tissue disorders | M72 Fibroblastic disorders	978	2545	EUR	1					3450						417081						0.199						1.0474		icd10-M72-both_sexes.tsv.bgz	icd10-M72-both_sexes.tsv.bgz.tbi	https://pan-ukb-us-east-1.s3.amazonaws.com/sumstats_flat_files_tabix/icd10-M72-both_sexes.tsv.bgz.tbi	wget https://pan-ukb-us-east-1.s3.amazonaws.com/sumstats_flat_files/icd10-M72-both_sexes.tsv.bgz	wget https://pan-ukb-us-east-1.s3.amazonaws.com/sumstats_flat_files_tabix/icd10-M72-both_sexes.tsv.bgz.tbi	545108342	1752320	232b78606695a8fed6feea3f806e0e6a	6042d225b210490e8c84aea7da31dfea
Colorectal_cancer	153	6375	https://pan-ukb-us-east-1.s3.amazonaws.com/sumstats_flat_files/phecode-153-both_sexes.tsv.bgz	phecode	both_sexes		""			neoplasms	2569	3341	AFR,CSA,EUR	3	64		50		5693		6260		8350		386740		0		0.0089253		0.080866		0.992		0.99855		1.0736		phecode-153-both_sexes.tsv.bgz	phecode-153-both_sexes.tsv.bgz.tbi	https://pan-ukb-us-east-1.s3.amazonaws.com/sumstats_flat_files_tabix/phecode-153-both_sexes.tsv.bgz.tbi	wget https://pan-ukb-us-east-1.s3.amazonaws.com/sumstats_flat_files/phecode-153-both_sexes.tsv.bgz	wget https://pan-ukb-us-east-1.s3.amazonaws.com/sumstats_flat_files_tabix/phecode-153-both_sexes.tsv.bgz.tbi	1591583269	2050354	e629516a77cf46b590e3eb43a3fdec40	3a5432b92807729dd9207269794e77e3
Breast_cancer	174	15249	https://pan-ukb-us-east-1.s3.amazonaws.com/sumstats_flat_files/phecode-174-both_sexes.tsv.bgz	phecode	both_sexes		""			neoplasms	13959	102	AFR,CSA,EAS,EUR	4	138		170	78	13491		6332		8558	2567	398795		0.064994		0.048691	0.059891	0.062525		0.97824		1.029	1.0397	1.0683		phecode-174-both_sexes.tsv.bgz	phecode-174-both_sexes.tsv.bgz.tbi	https://pan-ukb-us-east-1.s3.amazonaws.com/sumstats_flat_files_tabix/phecode-174-both_sexes.tsv.bgz.tbi	wget https://pan-ukb-us-east-1.s3.amazonaws.com/sumstats_flat_files/phecode-174-both_sexes.tsv.bgz	wget https://pan-ukb-us-east-1.s3.amazonaws.com/sumstats_flat_files_tabix/phecode-174-both_sexes.tsv.bgz.tbi	1859608730	2124803	46642adb141d8fa653d95524aba4d6e8	36dacde96e235e44e94ed149c2050ee8
Breast_cancer__female_	174.1	14980	https://pan-ukb-us-east-1.s3.amazonaws.com/sumstats_flat_files/phecode-174.1-females.tsv.bgz	phecode	females		""			neoplasms	13813	0	AFR,CSA,EAS,EUR	4	133		163	78	13257		3613		3774	1650	205913		0.065414		0.026262	0.064402	0.06175		1.0026		1.045	1.0204	1.0219		phecode-174.1-females.tsv.bgz	phecode-174.1-females.tsv.bgz.tbi	https://pan-ukb-us-east-1.s3.amazonaws.com/sumstats_flat_files_tabix/phecode-174.1-females.tsv.bgz.tbi	wget https://pan-ukb-us-east-1.s3.amazonaws.com/sumstats_flat_files/phecode-174.1-females.tsv.bgz	wget https://pan-ukb-us-east-1.s3.amazonaws.com/sumstats_flat_files_tabix/phecode-174.1-females.tsv.bgz.tbi	1854228532	2123454	bced5bfad90f3a11d47ae54901ed48bd	ce6b12bd3db9534cb7d8a8a15817f55f
Cancer_of_prostate	185	8639	https://pan-ukb-us-east-1.s3.amazonaws.com/sumstats_flat_files/phecode-185-males.tsv.bgz	phecode	males		""			neoplasms	0	8036	AFR,CSA,EUR	3	174		66		7691		2369		4358		169762		0.044836		0		0.074078		0.99319		1.0334		1.0177		phecode-185-males.tsv.bgz	phecode-185-males.tsv.bgz.tbi	https://pan-ukb-us-east-1.s3.amazonaws.com/sumstats_flat_files_tabix/phecode-185-males.tsv.bgz.tbi	wget https://pan-ukb-us-east-1.s3.amazonaws.com/sumstats_flat_files/phecode-185-males.tsv.bgz	wget https://pan-ukb-us-east-1.s3.amazonaws.com/sumstats_flat_files_tabix/phecode-185-males.tsv.bgz.tbi	1639370091	2059534	6acbf6a0c6e64f6543e452b7f58c35c3	544b2f7f186043a70a2d5333afd8cf44
Type_2_diabetes	250.2	28048	https://pan-ukb-us-east-1.s3.amazonaws.com/sumstats_flat_files/phecode-250.2-both_sexes.tsv.bgz	phecode	both_sexes		""			endocrine/metabolic	10068	15722	AFR,CSA,EAS,EUR,MID	5	796		1664	152	22768	170	5793		7181	2555	396181	1424	0.031653		0.048155	0.042999	0.11847	0.070631	0.98302		0.97374	1.0299	1.1863	0.98096	phecode-250.2-both_sexes.tsv.bgz	phecode-250.2-both_sexes.tsv.bgz.tbi	https://pan-ukb-us-east-1.s3.amazonaws.com/sumstats_flat_files_tabix/phecode-250.2-both_sexes.tsv.bgz.tbi	wget https://pan-ukb-us-east-1.s3.amazonaws.com/sumstats_flat_files/phecode-250.2-both_sexes.tsv.bgz	wget https://pan-ukb-us-east-1.s3.amazonaws.com/sumstats_flat_files_tabix/phecode-250.2-both_sexes.tsv.bgz.tbi	2196857564	2203022	0b7c295da326bc303070ee4058a3f239	4362f14fe8f24db0036de1e514354a98
Alzheimers_disease	290.11	921	https://pan-ukb-us-east-1.s3.amazonaws.com/sumstats_flat_files/phecode-290.11-both_sexes.tsv.bgz	phecode	both_sexes		""			mental disorders	420	452	EUR	1					839						410833						0.1279						1.0125		phecode-290.11-both_sexes.tsv.bgz	phecode-290.11-both_sexes.tsv.bgz.tbi	https://pan-ukb-us-east-1.s3.amazonaws.com/sumstats_flat_files_tabix/phecode-290.11-both_sexes.tsv.bgz.tbi	wget https://pan-ukb-us-east-1.s3.amazonaws.com/sumstats_flat_files/phecode-290.11-both_sexes.tsv.bgz	wget https://pan-ukb-us-east-1.s3.amazonaws.com/sumstats_flat_files_tabix/phecode-290.11-both_sexes.tsv.bgz.tbi	535713792	1751728	22fa6af88da374b7984f6bbfe47ebce0	75b65d9bff80407e5b3ae339e39cd15b
Depression	296.2	596	https://pan-ukb-us-east-1.s3.amazonaws.com/sumstats_flat_files/phecode-296.2-both_sexes.tsv.bgz	phecode	both_sexes		""			mental disorders	350	198	EUR	1					527						369930						0.23911						1.0238		phecode-296.2-both_sexes.tsv.bgz	phecode-296.2-both_sexes.tsv.bgz.tbi	https://pan-ukb-us-east-1.s3.amazonaws.com/sumstats_flat_files_tabix/phecode-296.2-both_sexes.tsv.bgz.tbi	wget https://pan-ukb-us-east-1.s3.amazonaws.com/sumstats_flat_files/phecode-296.2-both_sexes.tsv.bgz	wget https://pan-ukb-us-east-1.s3.amazonaws.com/sumstats_flat_files_tabix/phecode-296.2-both_sexes.tsv.bgz.tbi	530876147	1751534	9686ba42e012425dd750e4e079c4af02	ccd9aa6cd1e8c1f51bd543d77055ceed
Insomnia	327.4	277	https://pan-ukb-us-east-1.s3.amazonaws.com/sumstats_flat_files/phecode-327.4-both_sexes.tsv.bgz	phecode	both_sexes		""			neurological	126	120	EUR	1					234						413908						0						0.99993		phecode-327.4-both_sexes.tsv.bgz	phecode-327.4-both_sexes.tsv.bgz.tbi	https://pan-ukb-us-east-1.s3.amazonaws.com/sumstats_flat_files_tabix/phecode-327.4-both_sexes.tsv.bgz.tbi	wget https://pan-ukb-us-east-1.s3.amazonaws.com/sumstats_flat_files/phecode-327.4-both_sexes.tsv.bgz	wget https://pan-ukb-us-east-1.s3.amazonaws.com/sumstats_flat_files_tabix/phecode-327.4-both_sexes.tsv.bgz.tbi	520167346	1750434	03eb6551ed67f95d650d80f4a4d0a9c3	c4c0f001787d42aafcb6e1b7c983af74
Asthma	495	35926	https://pan-ukb-us-east-1.s3.amazonaws.com/sumstats_flat_files/phecode-495-both_sexes.tsv.bgz	phecode	both_sexes		""			respiratory	20031	13236	AFR,AMR,CSA,EAS,EUR,MID	6	576	64	903	149	31169	139	5999	898	7886	2540	379656	1434	0.041343	0.10348	0.043466	0.050719	0.080171	0.078374	0.98248	1.0098	0.96293	0.99792	1.1391	0.96714	phecode-495-both_sexes.tsv.bgz	phecode-495-both_sexes.tsv.bgz.tbi	https://pan-ukb-us-east-1.s3.amazonaws.com/sumstats_flat_files_tabix/phecode-495-both_sexes.tsv.bgz.tbi	wget https://pan-ukb-us-east-1.s3.amazonaws.com/sumstats_flat_files/phecode-495-both_sexes.tsv.bgz	wget https://pan-ukb-us-east-1.s3.amazonaws.com/sumstats_flat_files_tabix/phecode-495-both_sexes.tsv.bgz.tbi	2400221674	2253435	d5b8ebb65ff2a458d7735e0c3ca7d911	26f8f9b21814e414617b7ee3fdf0f190
Cholelithiasis	574.1	19350	https://pan-ukb-us-east-1.s3.amazonaws.com/sumstats_flat_files/phecode-574.1-both_sexes.tsv.bgz	phecode	both_sexes		""			digestive	12549	5407	AFR,CSA,EAS,EUR	4	120		255	68	17278		6470		8541	2623	399542		0.064856		0.067707	0.1584	0.068279		1.0221		1.0268	1.0193	1.0902		phecode-574.1-both_sexes.tsv.bgz	phecode-574.1-both_sexes.tsv.bgz.tbi	https://pan-ukb-us-east-1.s3.amazonaws.com/sumstats_flat_files_tabix/phecode-574.1-both_sexes.tsv.bgz.tbi	wget https://pan-ukb-us-east-1.s3.amazonaws.com/sumstats_flat_files/phecode-574.1-both_sexes.tsv.bgz	wget https://pan-ukb-us-east-1.s3.amazonaws.com/sumstats_flat_files_tabix/phecode-574.1-both_sexes.tsv.bgz.tbi	1866936495	2124976	f3cd58e30159f8cbd17c4ef2d440db45	1e67c33e0c79e3a0e2b6d4f79c072d4d
